team,season,expected,actual
Air Force,2021,6.5,9.0
Air Force,2022,8.5,9.0
Air Force,2023,8.5,8.0
Air Force,2024,6.5,5.0
Air Force,2025,6.5,4.0
Akron,2021,2.0,2.0
Akron,2022,2.5,2.0
Akron,2023,4.0,2.0
Akron,2024,3.5,4.0
Akron,2025,4.5,5.0
Alabama,2021,11.5,11.0
Alabama,2022,11.5,10.0
Alabama,2023,10.0,11.0
Alabama,2024,9.5,9.0
Alabama,2025,9.5,10.0
App State,2021,9.0,10.0
App State,2022,8.5,6.0
App State,2023,7.0,8.0
App State,2024,8.5,5.0
App State,2025,5.5,5.0
Arizona,2021,2.5,1.0
Arizona,2022,3.0,5.0
Arizona,2023,5.0,9.0
Arizona,2024,7.5,4.0
Arizona,2025,5.5,9.0
Arizona State,2021,8.5,8.0
Arizona State,2022,6.0,3.0
Arizona State,2023,4.5,3.0
Arizona State,2024,4.0,10.0
Arizona State,2025,8.5,8.0
Arkansas,2021,5.5,8.0
Arkansas,2022,7.5,6.0
Arkansas,2023,6.5,4.0
Arkansas,2024,4.5,6.0
Arkansas,2025,5.5,2.0
Arkansas State,2021,4.5,2.0
Arkansas State,2022,4.5,3.0
Arkansas State,2023,4.5,6.0
Arkansas State,2024,6.5,7.0
Arkansas State,2025,5.5,6.0
Army,2021,7.5,8.0
Army,2022,8.5,6.0
Army,2023,6.0,6.0
Army,2024,5.5,10.0
Army,2025,7.5,6.0
Auburn,2021,7.0,6.0
Auburn,2022,6.0,5.0
Auburn,2023,6.5,6.0
Auburn,2024,7.5,5.0
Auburn,2025,7.5,5.0
BYU,2021,7.0,10.0
BYU,2022,8.5,7.0
BYU,2023,5.5,5.0
BYU,2024,4.5,10.0
BYU,2025,6.5,11.0
Ball State,2021,7.5,6.0
Ball State,2022,4.5,5.0
Ball State,2023,5.0,4.0
Ball State,2024,3.5,3.0
Ball State,2025,3.5,4.0
Baylor,2021,5.5,10.0
Baylor,2022,7.5,6.0
Baylor,2023,7.0,3.0
Baylor,2024,5.5,8.0
Baylor,2025,7.5,5.0
Boise State,2021,9.0,7.0
Boise State,2022,9.0,9.0
Boise State,2023,8.5,7.0
Boise State,2024,9.5,11.0
Boise State,2025,9.5,8.0
Boston College,2021,7.0,6.0
Boston College,2022,9.0,3.0
Boston College,2023,5.5,6.0
Boston College,2024,4.5,7.0
Boston College,2025,5.5,2.0
Bowling Green,2021,1.5,4.0
Bowling Green,2022,3.5,6.0
Bowling Green,2023,4.5,7.0
Bowling Green,2024,6.5,7.0
Bowling Green,2025,5.5,4.0
Buffalo,2021,7.5,4.0
Buffalo,2022,5.5,6.0
Buffalo,2023,6.0,3.0
Buffalo,2024,5.0,8.0
Buffalo,2025,7.5,5.0
California,2021,6.5,5.0
California,2022,5.5,4.0
California,2023,5.0,6.0
California,2024,6.5,6.0
California,2025,5.5,7.0
Central Michigan,2021,6.5,8.0
Central Michigan,2022,7.5,4.0
Central Michigan,2023,5.5,5.0
Central Michigan,2024,5.5,4.0
Central Michigan,2025,5.5,7.0
Charlotte,2021,5.0,5.0
Charlotte,2022,4.5,3.0
Charlotte,2023,3.5,3.0
Charlotte,2024,3.5,5.0
Charlotte,2025,2.5,1.0
Cincinnati,2021,10.0,12.0
Cincinnati,2022,9.0,9.0
Cincinnati,2023,5.0,3.0
Cincinnati,2024,5.5,5.0
Cincinnati,2025,6.5,7.0
Clemson,2021,11.5,9.0
Clemson,2022,10.5,10.0
Clemson,2023,10.0,8.0
Clemson,2024,9.0,9.0
Clemson,2025,9.5,7.0
Coastal Carolina,2021,10.0,10.0
Coastal Carolina,2022,7.5,9.0
Coastal Carolina,2023,7.5,7.0
Coastal Carolina,2024,6.0,6.0
Coastal Carolina,2025,5.5,6.0
Colorado,2021,4.5,4.0
Colorado,2022,3.5,1.0
Colorado,2023,3.5,4.0
Colorado,2024,5.5,9.0
Colorado,2025,5.5,3.0
Colorado State,2021,5.0,3.0
Colorado State,2022,5.5,3.0
Colorado State,2023,5.0,5.0
Colorado State,2024,6.5,8.0
Colorado State,2025,6.5,2.0
Delaware,2025,4.5,6.0
Duke,2021,4.0,3.0
Duke,2022,3.0,8.0
Duke,2023,6.0,7.0
Duke,2024,5.5,9.0
Duke,2025,6.5,7.0
East Carolina,2021,5.5,7.0
East Carolina,2022,6.5,7.0
East Carolina,2023,5.5,2.0
East Carolina,2024,6.5,7.0
East Carolina,2025,6.5,8.0
Eastern Michigan,2021,6.5,7.0
Eastern Michigan,2022,6.0,8.0
Eastern Michigan,2023,7.5,6.0
Eastern Michigan,2024,4.5,5.0
Eastern Michigan,2025,4.5,4.0
Florida,2021,9.0,6.0
Florida,2022,7.0,6.0
Florida,2023,5.5,5.0
Florida,2024,4.5,7.0
Florida,2025,7.5,4.0
Florida Atlantic,2021,7.5,5.0
Florida Atlantic,2022,6.0,5.0
Florida Atlantic,2023,7.5,4.0
Florida Atlantic,2024,6.5,3.0
Florida Atlantic,2025,4.5,4.0
Florida International,2021,4.5,1.0
Florida International,2022,3.0,4.0
Florida International,2023,3.5,4.0
Florida International,2024,4.5,4.0
Florida International,2025,5.5,7.0
Florida State,2021,5.5,5.0
Florida State,2022,6.5,9.0
Florida State,2023,9.5,12.0
Florida State,2024,9.5,2.0
Florida State,2025,7.5,5.0
Fresno State,2021,6.0,9.0
Fresno State,2022,8.5,8.0
Fresno State,2023,8.0,8.0
Fresno State,2024,7.5,6.0
Fresno State,2025,6.5,8.0
Georgia,2021,10.5,12.0
Georgia,2022,11.0,12.0
Georgia,2023,11.5,12.0
Georgia,2024,10.5,10.0
Georgia,2025,9.5,11.0
Georgia Southern,2021,4.5,3.0
Georgia Southern,2022,4.5,6.0
Georgia Southern,2023,6.5,6.0
Georgia Southern,2024,5.5,8.0
Georgia Southern,2025,7.5,6.0
Georgia State,2021,5.0,7.0
Georgia State,2022,7.5,4.0
Georgia State,2023,5.5,6.0
Georgia State,2024,4.0,3.0
Georgia State,2025,3.5,1.0
Georgia Tech,2021,5.0,3.0
Georgia Tech,2022,3.5,5.0
Georgia Tech,2023,4.0,6.0
Georgia Tech,2024,5.0,7.0
Georgia Tech,2025,7.5,9.0
Hawai'i,2021,6.0,6.0
Hawai'i,2022,4.5,3.0
Hawai'i,2023,3.5,5.0
Hawai'i,2024,5.5,5.0
Hawai'i,2025,5.5,8.0
Houston,2021,8.5,11.0
Houston,2022,9.5,7.0
Houston,2023,4.5,4.0
Houston,2024,3.5,4.0
Houston,2025,6.5,9.0
Illinois,2021,3.5,5.0
Illinois,2022,4.5,8.0
Illinois,2023,6.5,5.0
Illinois,2024,5.5,9.0
Illinois,2025,7.5,8.0
Indiana,2021,7.5,2.0
Indiana,2022,4.5,4.0
Indiana,2023,3.5,3.0
Indiana,2024,5.5,11.0
Indiana,2025,8.5,12.0
Iowa,2021,8.5,10.0
Iowa,2022,7.5,7.0
Iowa,2023,8.5,10.0
Iowa,2024,8.5,8.0
Iowa,2025,7.5,8.0
Iowa State,2021,9.5,7.0
Iowa State,2022,6.5,4.0
Iowa State,2023,4.5,7.0
Iowa State,2024,7.5,10.0
Iowa State,2025,7.5,8.0
Jacksonville State,2023,4.5,8.0
Jacksonville State,2024,7.5,8.0
Jacksonville State,2025,5.5,8.0
James Madison,2022,6.5,8.0
James Madison,2023,8.5,11.0
James Madison,2024,8.5,8.0
James Madison,2025,8.5,11.0
Kansas,2021,1.5,2.0
Kansas,2022,2.5,6.0
Kansas,2023,6.0,8.0
Kansas,2024,8.5,5.0
Kansas,2025,6.5,5.0
Kansas State,2021,5.5,7.0
Kansas State,2022,7.0,9.0
Kansas State,2023,8.0,8.0
Kansas State,2024,9.5,8.0
Kansas State,2025,8.5,6.0
Kennesaw State,2024,2.5,2.0
Kennesaw State,2025,3.5,9.0
Kent State,2021,5.5,7.0
Kent State,2022,5.5,5.0
Kent State,2023,2.5,1.0
Kent State,2024,2.5,0.0
Kent State,2025,1.5,5.0
Kentucky,2021,7.0,9.0
Kentucky,2022,7.5,7.0
Kentucky,2023,7.0,7.0
Kentucky,2024,6.5,4.0
Kentucky,2025,4.5,5.0
LSU,2021,8.5,6.0
LSU,2022,6.5,9.0
LSU,2023,9.5,9.0
LSU,2024,9.0,8.0
LSU,2025,8.5,7.0
Liberty,2021,9.0,7.0
Liberty,2022,6.5,8.0
Liberty,2023,8.5,12.0
Liberty,2024,10.5,8.0
Liberty,2025,9.5,4.0
Louisiana,2021,8.5,11.0
Louisiana,2022,8.5,6.0
Louisiana,2023,7.5,6.0
Louisiana,2024,7.5,10.0
Louisiana,2025,7.5,6.0
Louisiana Tech,2021,4.5,3.0
Louisiana Tech,2022,4.5,3.0
Louisiana Tech,2023,6.0,3.0
Louisiana Tech,2024,5.5,5.0
Louisiana Tech,2025,5.5,7.0
Louisville,2021,6.5,6.0
Louisville,2022,6.5,7.0
Louisville,2023,8.0,10.0
Louisville,2024,8.0,8.0
Louisville,2025,8.5,8.0
Marshall,2021,8.5,7.0
Marshall,2022,7.5,8.0
Marshall,2023,7.5,6.0
Marshall,2024,5.5,9.0
Marshall,2025,4.5,5.0
Maryland,2021,5.5,6.0
Maryland,2022,6.0,7.0
Maryland,2023,7.5,7.0
Maryland,2024,6.5,4.0
Maryland,2025,4.5,4.0
Massachusetts,2021,1.5,1.0
Massachusetts,2022,2.5,1.0
Massachusetts,2023,2.5,3.0
Massachusetts,2024,3.5,2.0
Massachusetts,2025,3.5,0.0
Memphis,2021,8.0,6.0
Memphis,2022,7.5,6.0
Memphis,2023,8.0,9.0
Memphis,2024,9.0,10.0
Memphis,2025,8.5,8.0
Miami,2021,9.5,7.0
Miami,2022,8.5,5.0
Miami,2023,7.5,7.0
Miami,2024,9.5,10.0
Miami,2025,9.5,10.0
Miami (OH),2021,5.5,6.0
Miami (OH),2022,6.5,6.0
Miami (OH),2023,6.5,10.0
Miami (OH),2024,8.0,8.0
Miami (OH),2025,6.5,7.0
Michigan,2021,7.5,11.0
Michigan,2022,9.5,12.0
Michigan,2023,10.5,12.0
Michigan,2024,9.0,7.0
Michigan,2025,8.5,9.0
Michigan State,2021,5.0,10.0
Michigan State,2022,7.5,5.0
Michigan State,2023,5.0,4.0
Michigan State,2024,5.0,5.0
Michigan State,2025,5.5,4.0
Middle Tennessee,2021,4.5,6.0
Middle Tennessee,2022,5.5,7.0
Middle Tennessee,2023,6.5,4.0
Middle Tennessee,2024,4.5,3.0
Middle Tennessee,2025,4.5,3.0
Minnesota,2021,7.0,8.0
Minnesota,2022,7.5,8.0
Minnesota,2023,7.0,5.0
Minnesota,2024,5.5,7.0
Minnesota,2025,6.5,7.0
Mississippi State,2021,6.0,7.0
Mississippi State,2022,6.5,8.0
Mississippi State,2023,6.0,5.0
Mississippi State,2024,4.5,2.0
Mississippi State,2025,3.5,5.0
Missouri,2021,7.0,6.0
Missouri,2022,5.5,6.0
Missouri,2023,6.0,10.0
Missouri,2024,9.5,9.0
Missouri,2025,7.5,8.0
Missouri State,2025,4.5,7.0
NC State,2021,6.5,9.0
NC State,2022,8.5,8.0
NC State,2023,6.5,9.0
NC State,2024,8.5,6.0
NC State,2025,6.5,7.0
Navy,2021,3.5,4.0
Navy,2022,4.5,4.0
Navy,2023,6.5,5.0
Navy,2024,5.5,9.0
Navy,2025,8.5,10.0
Nebraska,2021,6.5,3.0
Nebraska,2022,7.5,4.0
Nebraska,2023,6.5,5.0
Nebraska,2024,7.5,6.0
Nebraska,2025,7.5,7.0
Nevada,2021,7.5,8.0
Nevada,2022,4.5,2.0
Nevada,2023,4.0,2.0
Nevada,2024,2.5,3.0
Nevada,2025,3.5,3.0
New Mexico,2021,4.5,3.0
New Mexico,2022,3.0,2.0
New Mexico,2023,3.5,4.0
New Mexico,2024,2.5,5.0
New Mexico,2025,3.5,9.0
New Mexico State,2021,1.5,2.0
New Mexico State,2022,2.5,6.0
New Mexico State,2023,6.5,10.0
New Mexico State,2024,4.5,3.0
New Mexico State,2025,4.5,4.0
North Carolina,2021,9.5,6.0
North Carolina,2022,7.5,9.0
North Carolina,2023,8.0,8.0
North Carolina,2024,7.5,6.0
North Carolina,2025,7.5,4.0
North Texas,2021,4.0,6.0
North Texas,2022,6.5,7.0
North Texas,2023,6.0,5.0
North Texas,2024,5.5,6.0
North Texas,2025,6.5,11.0
Northern Illinois,2021,4.0,8.0
Northern Illinois,2022,7.0,3.0
Northern Illinois,2023,5.5,6.0
Northern Illinois,2024,6.5,7.0
Northern Illinois,2025,6.5,3.0
Northwestern,2021,6.5,3.0
Northwestern,2022,3.5,1.0
Northwestern,2023,3.0,7.0
Northwestern,2024,4.5,4.0
Northwestern,2025,3.5,6.0
Notre Dame,2021,8.5,11.0
Notre Dame,2022,8.5,8.0
Notre Dame,2023,8.5,9.0
Notre Dame,2024,10.5,11.0
Notre Dame,2025,10.5,10.0
Ohio,2021,6.5,3.0
Ohio,2022,5.5,9.0
Ohio,2023,7.5,9.0
Ohio,2024,6.0,9.0
Ohio,2025,7.5,8.0
Ohio State,2021,11.0,10.0
Ohio State,2022,11.0,11.0
Ohio State,2023,10.5,11.0
Ohio State,2024,10.5,10.0
Ohio State,2025,10.5,11.0
Oklahoma,2021,11.0,10.0
Oklahoma,2022,9.0,6.0
Oklahoma,2023,9.5,10.0
Oklahoma,2024,7.5,6.0
Oklahoma,2025,7.5,10.0
Oklahoma State,2021,7.5,11.0
Oklahoma State,2022,8.5,7.0
Oklahoma State,2023,6.5,9.0
Oklahoma State,2024,8.5,3.0
Oklahoma State,2025,5.5,1.0
Old Dominion,2021,3.5,6.0
Old Dominion,2022,4.5,3.0
Old Dominion,2023,3.5,6.0
Old Dominion,2024,4.5,5.0
Old Dominion,2025,5.5,9.0
Ole Miss,2021,7.5,10.0
Ole Miss,2022,7.5,8.0
Ole Miss,2023,7.5,10.0
Ole Miss,2024,9.5,9.0
Ole Miss,2025,8.5,11.0
Oregon,2021,9.0,10.0
Oregon,2022,8.5,9.0
Oregon,2023,9.5,11.0
Oregon,2024,10.5,12.0
Oregon,2025,10.5,11.0
Oregon State,2021,4.5,7.0
Oregon State,2022,6.5,9.0
Oregon State,2023,8.5,8.0
Oregon State,2024,7.5,5.0
Oregon State,2025,6.5,2.0
Penn State,2021,8.5,7.0
Penn State,2022,8.5,10.0
Penn State,2023,9.5,10.0
Penn State,2024,10.0,11.0
Penn State,2025,10.5,6.0
Pittsburgh,2021,7.0,10.0
Pittsburgh,2022,8.5,8.0
Pittsburgh,2023,7.0,3.0
Pittsburgh,2024,5.5,7.0
Pittsburgh,2025,6.5,8.0
Purdue,2021,5.0,8.0
Purdue,2022,7.5,8.0
Purdue,2023,4.5,4.0
Purdue,2024,4.5,1.0
Purdue,2025,3.5,2.0
Rice,2021,6.0,4.0
Rice,2022,3.5,5.0
Rice,2023,4.5,6.0
Rice,2024,6.5,4.0
Rice,2025,3.5,5.0
Rutgers,2021,5.0,5.0
Rutgers,2022,4.0,4.0
Rutgers,2023,4.5,6.0
Rutgers,2024,6.5,7.0
Rutgers,2025,5.5,5.0
SMU,2021,6.5,8.0
SMU,2022,6.5,7.0
SMU,2023,8.5,10.0
SMU,2024,8.5,11.0
SMU,2025,8.5,8.0
Sam Houston,2023,3.5,3.0
Sam Houston,2024,4.5,9.0
Sam Houston,2025,4.5,2.0
San Diego State,2021,6.5,11.0
San Diego State,2022,7.5,7.0
San Diego State,2023,7.0,4.0
San Diego State,2024,5.5,3.0
San Diego State,2025,4.5,9.0
San José State,2021,8.0,5.0
San José State,2022,6.5,7.0
San José State,2023,5.5,7.0
San José State,2024,4.5,7.0
San José State,2025,7.5,3.0
South Alabama,2021,5.0,5.0
South Alabama,2022,5.5,10.0
South Alabama,2023,8.0,6.0
South Alabama,2024,6.5,6.0
South Alabama,2025,6.5,4.0
South Carolina,2021,3.5,6.0
South Carolina,2022,6.5,8.0
South Carolina,2023,6.0,5.0
South Carolina,2024,5.5,9.0
South Carolina,2025,7.5,4.0
South Florida,2021,3.5,2.0
South Florida,2022,4.5,1.0
South Florida,2023,4.5,6.0
South Florida,2024,7.5,6.0
South Florida,2025,6.5,9.0
Southern Miss,2021,6.0,3.0
Southern Miss,2022,4.5,6.0
Southern Miss,2023,5.0,3.0
Southern Miss,2024,4.5,1.0
Southern Miss,2025,5.5,7.0
Stanford,2021,4.0,3.0
Stanford,2022,4.5,3.0
Stanford,2023,2.5,3.0
Stanford,2024,3.5,3.0
Stanford,2025,3.5,4.0
Syracuse,2021,3.0,5.0
Syracuse,2022,5.0,7.0
Syracuse,2023,6.0,6.0
Syracuse,2024,7.0,9.0
Syracuse,2025,5.5,3.0
TCU,2021,7.5,5.0
TCU,2022,6.5,12.0
TCU,2023,7.5,5.0
TCU,2024,7.0,8.0
TCU,2025,6.5,8.0
Temple,2021,3.0,3.0
Temple,2022,2.5,3.0
Temple,2023,5.5,3.0
Temple,2024,2.5,3.0
Temple,2025,3.5,5.0
Tennessee,2021,6.0,7.0
Tennessee,2022,8.0,10.0
Tennessee,2023,9.0,8.0
Tennessee,2024,9.0,10.0
Tennessee,2025,8.5,8.0
Texas,2021,8.0,5.0
Texas,2022,8.5,8.0
Texas,2023,9.5,11.0
Texas,2024,10.0,11.0
Texas,2025,9.5,9.0
Texas A&M,2021,9.5,8.0
Texas A&M,2022,8.5,5.0
Texas A&M,2023,8.0,7.0
Texas A&M,2024,8.5,8.0
Texas A&M,2025,7.5,11.0
Texas State,2021,4.5,4.0
Texas State,2022,4.5,4.0
Texas State,2023,4.0,7.0
Texas State,2024,8.5,7.0
Texas State,2025,7.5,6.0
Texas Tech,2021,5.0,6.0
Texas Tech,2022,5.5,7.0
Texas Tech,2023,7.5,6.0
Texas Tech,2024,7.5,8.0
Texas Tech,2025,8.5,11.0
Toledo,2021,8.5,7.0
Toledo,2022,8.0,7.0
Toledo,2023,9.0,11.0
Toledo,2024,8.5,7.0
Toledo,2025,8.5,8.0
Troy,2021,6.5,5.0
Troy,2022,6.5,10.0
Troy,2023,8.0,10.0
Troy,2024,6.0,4.0
Troy,2025,5.5,8.0
Tulane,2021,5.0,2.0
Tulane,2022,6.0,10.0
Tulane,2023,9.0,11.0
Tulane,2024,7.5,9.0
Tulane,2025,8.5,10.0
Tulsa,2021,6.5,6.0
Tulsa,2022,5.5,5.0
Tulsa,2023,4.5,4.0
Tulsa,2024,4.5,3.0
Tulsa,2025,3.5,4.0
UAB,2021,7.5,8.0
UAB,2022,8.5,6.0
UAB,2023,4.5,4.0
UAB,2024,6.5,3.0
UAB,2025,4.5,4.0
UCF,2021,9.5,8.0
UCF,2022,8.5,9.0
UCF,2023,7.0,6.0
UCF,2024,7.5,4.0
UCF,2025,5.5,5.0
UCLA,2021,7.0,8.0
UCLA,2022,8.5,9.0
UCLA,2023,8.5,7.0
UCLA,2024,4.5,5.0
UCLA,2025,5.5,3.0
UConn,2021,2.5,1.0
UConn,2022,2.5,6.0
UConn,2023,5.0,3.0
UConn,2024,4.5,8.0
UConn,2025,7.5,9.0
UL Monroe,2021,1.5,4.0
UL Monroe,2022,2.5,7.0
UL Monroe,2023,3.5,2.0
UL Monroe,2024,2.0,5.0
UL Monroe,2025,4.5,3.0
UNLV,2021,1.5,2.0
UNLV,2022,4.5,5.0
UNLV,2023,5.5,9.0
UNLV,2024,7.5,10.0
UNLV,2025,8.5,10.0
USC,2021,8.5,4.0
USC,2022,9.5,11.0
USC,2023,10.0,7.0
USC,2024,7.5,6.0
USC,2025,7.5,9.0
UTEP,2021,3.0,7.0
UTEP,2022,5.5,5.0
UTEP,2023,6.0,3.0
UTEP,2024,4.0,3.0
UTEP,2025,5.5,2.0
UTSA,2021,8.0,11.0
UTSA,2022,8.5,10.0
UTSA,2023,8.5,8.0
UTSA,2024,8.5,6.0
UTSA,2025,7.5,6.0
Utah,2021,8.5,9.0
Utah,2022,9.0,9.0
Utah,2023,8.5,8.0
Utah,2024,10.0,5.0
Utah,2025,8.5,10.0
Utah State,2021,3.5,9.0
Utah State,2022,7.0,6.0
Utah State,2023,5.0,6.0
Utah State,2024,5.0,4.0
Utah State,2025,4.5,6.0
Vanderbilt,2021,3.5,2.0
Vanderbilt,2022,2.5,5.0
Vanderbilt,2023,4.0,2.0
Vanderbilt,2024,2.5,6.0
Vanderbilt,2025,5.5,10.0
Virginia,2021,6.5,6.0
Virginia,2022,7.5,3.0
Virginia,2023,3.0,3.0
Virginia,2024,4.5,5.0
Virginia,2025,6.5,10.0
Virginia Tech,2021,7.5,6.0
Virginia Tech,2022,6.5,3.0
Virginia Tech,2023,5.0,6.0
Virginia Tech,2024,8.5,6.0
Virginia Tech,2025,6.5,3.0
Wake Forest,2021,7.0,10.0
Wake Forest,2022,8.5,7.0
Wake Forest,2023,6.5,4.0
Wake Forest,2024,5.0,4.0
Wake Forest,2025,4.5,8.0
Washington,2021,8.5,4.0
Washington,2022,7.5,10.0
Washington,2023,9.5,12.0
Washington,2024,6.5,6.0
Washington,2025,7.5,8.0
Washington State,2021,6.0,7.0
Washington State,2022,5.5,7.0
Washington State,2023,6.0,5.0
Washington State,2024,7.5,8.0
Washington State,2025,5.5,6.0
West Virginia,2021,6.5,6.0
West Virginia,2022,5.5,5.0
West Virginia,2023,4.5,8.0
West Virginia,2024,6.5,6.0
West Virginia,2025,5.5,4.0
Western Kentucky,2021,5.5,8.0
Western Kentucky,2022,8.5,8.0
Western Kentucky,2023,8.5,7.0
Western Kentucky,2024,7.5,8.0
Western Kentucky,2025,7.5,8.0
Western Michigan,2021,6.0,7.0
Western Michigan,2022,6.5,5.0
Western Michigan,2023,3.5,4.0
Western Michigan,2024,6.5,6.0
Western Michigan,2025,4.5,8.0
Wisconsin,2021,9.5,8.0
Wisconsin,2022,8.5,6.0
Wisconsin,2023,8.5,7.0
Wisconsin,2024,6.5,5.0
Wisconsin,2025,5.5,4.0
Wyoming,2021,7.5,6.0
Wyoming,2022,5.0,7.0
Wyoming,2023,6.0,8.0
Wyoming,2024,6.5,3.0
Wyoming,2025,5.5,4.0
